INSERT INTO film (film_id, film_name, publish_date) VALUES
(1, 'THE AVENGERS', '2012-05-04'),
(2, 'THE SHAWSAHANK REDEMTPTION', '1994-09-23'),
(3, 'JURASSIC PARK', '1993-06-11'),
(4, 'INCEPTION', '2010-07-16'),
(5, 'TITANIC', '1997-12-19'),
(6, 'THE DARK KNIGHT', '2008-07-18'),
(7, 'AVATAR', '2009-12-18'),
(8, 'THE LORD OF THE RINGS', '2001-12-19'),
(9, 'PULP FICTION', '1994-10-14'),
(10, 'STAR WARS', '1977-05-25');

INSERT INTO user (user_id, nama, password) VALUES
(1, 'BUDI', 'budi123'),
(2, 'SARAH', 'sarah333'),
(3, 'ANDI', 'andi848'),
(4, 'RINA', 'rina454'),
(5, 'ADI', 'adi676'),
(6, 'MAYA', 'maya999'),
(7, 'JOKO', 'joko376'),
(8, 'DESI', 'desi322'),
(9, 'RIZKY', 'rizky55'),
(10, 'DIAN', 'dian666');

INSERT INTO category (category_id, category_name) VALUES
(1, 'ACTION'),
(2, 'HOROR'),
(3, 'KOMEDI'),
(4, 'DRAMA'),
(5, 'PETUALANGAN'),
(6, 'FIKSI ILMIAH'),
(7, 'ROMANTIS'),
(8, 'ANIMASI'),
(9, 'THRILLER'),
(10, 'FANTASI');

INSERT INTO artist (artist_id, artist_name, artist_dob) VALUES
(1, 'LEONARDO DICAPRIO', '1974-11-11'),
(2, 'TAYLOR SWIFT', '1989-12-13'),
(3, 'SCARLETT JOHANSSON', '1984-11-22'),
(4, 'CHRIS HEMSWORTH', '1983-08-11'),
(5, 'EMMA WATSON', '1990-05-15'),
(6, 'JHONNY DEPP', '1963-06-09'),
(7, 'BEYONCE', '1981-10-04'),
(8, 'ROBERT DOWNEY JR', '1965-05-04'),
(9, 'SELENA GOMEZ', '1974-11-11'),
(10, 'BRAD PITT', '1963-12-18');

INSERT INTO daftar_nonton ( user_id, film_id, tanggal_nonton) VALUES
(1, 1, '2020-01-01'),
(2, 1, '2020-01-01'),
(3, 1, '2020-01-01'),
(4, 1, '2020-01-01'),
(5, 1, '2020-01-01'),
(6, 1, '2020-01-01'),
(7, 1, '2020-01-01'),
(8, 1, '2020-01-01'),
(9, 1, '2020-01-01'),
(10, 1, '2020-01-02'),
(1, 2, '2020-02-02'),
(2, 2, '2020-02-02'),
(3, 2, '2020-02-02'),
(4, 2, '2020-02-02'),
(5, 2, '2020-02-02'),
(6, 2, '2020-02-02'),
(7, 2, '2020-02-02'),
(8, 2, '2020-02-02'),
(9, 2, '2020-02-02'),
(10, 2, '2020-02-02'),
(1, 3, '2020-03-03'),
(2, 3, '2020-03-03'),
(3, 3, '2020-03-03'),
(4, 3, '2020-03-03'),
(5, 3, '2020-03-03'),
(6, 3, '2020-03-03'),
(7, 3, '2020-03-03'),
(8, 3, '2020-03-03'),
(9, 3, '2020-03-03'),
(10, 3, '2020-03-03');

INSERT INTO cast (film_id, artist_id) VALUES
(1, 1),
(1, 2),
(1, 3),
(1, 4),
(1, 5),
(2, 6),
(2, 7),
(2, 8),
(2, 9),
(2, 10),
(3, 1),
(3, 2),
(3, 3),
(3, 4),
(3, 5),
(4, 6),
(4, 7),
(4, 8),
(4, 9),
(4, 10),
(5, 1),
(5, 2),
(5, 3),
(5, 4),
(5, 5),
(6, 6),
(7, 7),
(8, 8),
(9, 9),
(10, 10);

INSERT INTO category_film (category_id, film_id) VALUES
(1, 1),
(1, 2),
(1, 3),
(1, 4),
(1, 5),
(2, 6),
(2, 7),
(2, 8),
(2, 9),
(2, 10),
(3, 1),
(3, 2),
(3, 3),
(3, 4),
(3, 5),
(4, 6),
(4, 7),
(4, 8),
(4, 9),
(4, 10),
(5, 1),
(5, 2),
(5, 3),
(5, 4),
(5, 5),
(6, 6),
(7, 7),
(8, 8),
(9, 9),
(10, 10);
